well,row,column,sample,assay,assayType,replicate,cp,tm1,tm2,meltGroup,meltScore,meltResolution,layoutChanged,originalSample,manualNote
A1,A,1,Mock,GAPDH,Reference,1,16.46,85.94,,1,0.89,0.49,false,Mock,
A2,A,2,Mock,GAPDH,Reference,2,16.51,85.99,,1,0.88,0.49,false,Mock,
A3,A,3,Mock,GAPDH,Reference,3,16.5,85.99,,1,0.87,0.49,false,Mock,
A4,A,4,Mock,GAPDH,Reference,4,16.45,86.02,,1,0.88,0.49,false,Mock,
A5,A,5,Mock,TBP,Reference,1,25.2,80.26,,1,0.99,0.2,false,Mock,
A6,A,6,Mock,TBP,Reference,2,25.36,80.27,,1,0.98,0.18,false,Mock,
A7,A,7,Mock,TBP,Reference,3,25.31,80.25,,1,0.97,0.15,false,Mock,
A8,A,8,Mock,TBP,Reference,4,25.45,80.24,,1,0.98,0.18,false,Mock,
A9,A,9,Mock,FBN2-1,Target,1,23.92,79.25,,2,0.96,0.47,false,Mock,
A10,A,10,Mock,FBN2-1,Target,2,24.01,79.35,,2,0.96,0.44,false,Mock,列10：修正板图备注‘可能加了两遍cDNA’，范围需实验记录确认
A11,A,11,Mock,FBN2-1,Target,3,23.86,79.34,,2,0.94,0.45,false,Mock,
A12,A,12,Mock,FBN2-1,Target,4,23.9,79.34,,2,0.97,0.44,false,Mock,
A13,A,13,Mock,FBN2-2,Target,1,24.02,83.59,,1,0.99,0.4,false,Mock,
A14,A,14,NC-FAM,FBN2-2,Target,2,23.66,83.75,,1,0.98,0.49,true,Mock,列14：cDNA样本整体向上错位一位，已按修正板图重映射
A15,A,15,Mock,FBN2-2,Target,3,23.95,83.7,,1,0.99,0.44,false,Mock,
A16,A,16,Mock,FBN2-2,Target,4,24.03,83.74,,1,0.99,0.45,false,Mock,
A17,A,17,Mock,ZNF436-1,Target,1,27.54,77.8,,2,0.98,0.74,false,Mock,
A18,A,18,Mock,ZNF436-1,Target,2,27.56,77.87,,2,0.98,0.77,false,Mock,
A19,A,19,Mock,ZNF436-1,Target,3,27.64,77.98,,2,0.99,0.77,false,Mock,
A20,A,20,Mock,ZNF436-1,Target,4,27.74,77.95,,2,0.97,0.73,false,Mock,
A21,A,21,Mock,ZNF436-2,Target,1,26.99,73.76,,3,0.74,0.68,false,Mock,
A22,A,22,Mock,ZNF436-2,Target,2,25.59,73.22,,3,0.99,0.99,false,Mock,
A23,A,23,Mock,ZNF436-2,Target,3,26.78,73.25,,3,0.92,0.91,false,Mock,
A24,A,24,Mock,ZNF436-2,Target,4,25.49,73.16,,3,0.99,0.99,false,Mock,
B1,B,1,siZNF436-3,GAPDH,Reference,1,16.37,85.91,,1,0.85,0.5,false,siZNF436-3,
B2,B,2,siZNF436-3,GAPDH,Reference,2,16.52,85.96,,1,0.87,0.5,false,siZNF436-3,
B3,B,3,siZNF436-3,GAPDH,Reference,3,16.25,85.96,,1,0.87,0.5,false,siZNF436-3,
B4,B,4,siZNF436-3,GAPDH,Reference,4,16.44,85.94,,1,0.89,0.5,false,siZNF436-3,
B5,B,5,siZNF436-3,TBP,Reference,1,25.12,80.22,,1,0.98,0.18,false,siZNF436-3,
B6,B,6,siZNF436-3,TBP,Reference,2,24.99,80.25,,1,0.98,0.18,false,siZNF436-3,
B7,B,7,siZNF436-3,TBP,Reference,3,25.27,80.21,,1,0.98,0.17,false,siZNF436-3,
B8,B,8,siZNF436-3,TBP,Reference,4,25.08,80.2,,1,0.99,0.19,false,siZNF436-3,
B9,B,9,siZNF436-3,FBN2-1,Target,1,23.78,79.27,,2,0.97,0.46,false,siZNF436-3,
B10,B,10,siZNF436-3,FBN2-1,Target,2,22.74,79.28,,2,0.96,0.46,false,siZNF436-3,列10：修正板图备注‘可能加了两遍cDNA’，范围需实验记录确认
B11,B,11,siZNF436-3,FBN2-1,Target,3,23.79,79.27,,2,0.97,0.46,false,siZNF436-3,
B12,B,12,siZNF436-3,FBN2-1,Target,4,22.53,79.37,,2,0.93,0.44,false,siZNF436-3,
B13,B,13,siZNF436-3,FBN2-2,Target,1,23.79,83.54,,1,0.98,0.32,false,siZNF436-3,
B14,B,14,siZNF436-3,FBN2-2,Target,2,23.84,83.59,,1,0.99,0.35,false,siZNF436-3,列14：cDNA样本整体向上错位一位，已按修正板图重映射
B15,B,15,siZNF436-3,FBN2-2,Target,3,23.85,83.63,,1,0.99,0.34,false,siZNF436-3,
B16,B,16,siZNF436-3,FBN2-2,Target,4,23.81,83.62,,1,0.99,0.33,false,siZNF436-3,
B17,B,17,siZNF436-3,ZNF436-1,Target,1,29.28,76.91,,3,0.87,0.3,false,siZNF436-3,
B18,B,18,siZNF436-3,ZNF436-1,Target,2,29.51,76.89,,3,0.82,0.32,false,siZNF436-3,
B19,B,19,siZNF436-3,ZNF436-1,Target,3,29.75,77.16,,3,0.87,0.25,false,siZNF436-3,
B20,B,20,siZNF436-3,ZNF436-1,Target,4,29.28,77.13,,3,0.86,0.27,false,siZNF436-3,
B21,B,21,siZNF436-3,ZNF436-2,Target,1,25.88,73.12,,3,0.99,0.98,false,siZNF436-3,
B22,B,22,siZNF436-3,ZNF436-2,Target,2,25.73,73.15,,3,0.99,0.99,false,siZNF436-3,
B23,B,23,siZNF436-3,ZNF436-2,Target,3,25.78,73.16,,3,0.99,0.99,false,siZNF436-3,
B24,B,24,siZNF436-3,ZNF436-2,Target,4,25.74,73.18,,3,0.99,0.99,false,siZNF436-3,
C1,C,1,NC-FAM,GAPDH,Reference,1,15.91,85.98,,1,0.89,0.49,false,NC-FAM,
C2,C,2,NC-FAM,GAPDH,Reference,2,15.92,86.01,,1,0.87,0.49,false,NC-FAM,
C3,C,3,NC-FAM,GAPDH,Reference,3,15.93,86.02,,1,0.87,0.49,false,NC-FAM,
C4,C,4,NC-FAM,GAPDH,Reference,4,15.92,86.02,,1,0.87,0.49,false,NC-FAM,
C5,C,5,NC-FAM,TBP,Reference,1,24.67,80.31,,1,0.98,0.15,false,NC-FAM,
C6,C,6,NC-FAM,TBP,Reference,2,24.83,80.34,,1,0.98,0.15,false,NC-FAM,
C7,C,7,NC-FAM,TBP,Reference,3,24.82,80.33,,1,0.97,0.13,false,NC-FAM,
C8,C,8,NC-FAM,TBP,Reference,4,24.88,80.26,,1,0.98,0.16,false,NC-FAM,
C9,C,9,NC-FAM,FBN2-1,Target,1,23.49,79.28,,2,0.97,0.46,false,NC-FAM,
C10,C,10,NC-FAM,FBN2-1,Target,2,23.52,79.37,,2,0.95,0.43,false,NC-FAM,列10：修正板图备注‘可能加了两遍cDNA’，范围需实验记录确认
C11,C,11,NC-FAM,FBN2-1,Target,3,23.48,79.37,,2,0.95,0.43,false,NC-FAM,
C12,C,12,NC-FAM,FBN2-1,Target,4,23.53,79.33,,2,0.95,0.45,false,NC-FAM,
C13,C,13,NC-FAM,FBN2-2,Target,1,23.48,83.71,,1,0.94,0.54,false,NC-FAM,
C14,C,14,siFBN2-1,FBN2-2,Target,2,23.77,83.75,,1,0.94,0.54,true,NC-FAM,列14：cDNA样本整体向上错位一位，已按修正板图重映射
C15,C,15,NC-FAM,FBN2-2,Target,3,23.6,83.81,,1,0.93,0.54,false,NC-FAM,
C16,C,16,NC-FAM,FBN2-2,Target,4,23.51,83.86,,1,0.94,0.54,false,NC-FAM,
C17,C,17,NC-FAM,ZNF436-1,Target,1,27.03,77.85,,2,0.98,0.78,false,NC-FAM,
C18,C,18,NC-FAM,ZNF436-1,Target,2,27.04,77.94,,2,0.98,0.78,false,NC-FAM,
C19,C,19,NC-FAM,ZNF436-1,Target,3,27.28,78,,2,0.99,0.77,false,NC-FAM,
C20,C,20,NC-FAM,ZNF436-1,Target,4,27.33,77.94,,2,0.98,0.76,false,NC-FAM,
C21,C,21,NC-FAM,ZNF436-2,Target,1,26.84,73.48,,3,0.8,0.76,false,NC-FAM,
C22,C,22,NC-FAM,ZNF436-2,Target,2,26.73,74.19,,Unknown,0.69,0.57,false,NC-FAM,
C23,C,23,NC-FAM,ZNF436-2,Target,3,26.8,73.8,,3,0.74,0.67,false,NC-FAM,
C24,C,24,NC-FAM,ZNF436-2,Target,4,26.75,74.04,,3,0.72,0.61,false,NC-FAM,
D1,D,1,siZNF436-4,GAPDH,Reference,1,16.83,85.92,,1,0.87,0.5,false,siZNF436-4,
D2,D,2,siZNF436-4,GAPDH,Reference,2,16.83,85.93,,1,0.89,0.5,false,siZNF436-4,
D3,D,3,siZNF436-4,GAPDH,Reference,3,16.78,85.89,,1,0.89,0.5,false,siZNF436-4,
D4,D,4,siZNF436-4,GAPDH,Reference,4,16.9,85.9,,1,0.89,0.5,false,siZNF436-4,
D5,D,5,siZNF436-4,TBP,Reference,1,25.52,80.19,,1,0.98,0.19,false,siZNF436-4,
D6,D,6,siZNF436-4,TBP,Reference,2,25.62,80.18,,1,0.99,0.21,false,siZNF436-4,
D7,D,7,siZNF436-4,TBP,Reference,3,25.63,80.25,,1,0.98,0.18,false,siZNF436-4,
D8,D,8,siZNF436-4,TBP,Reference,4,25.52,80.26,,1,0.98,0.18,false,siZNF436-4,
D9,D,9,siZNF436-4,FBN2-1,Target,1,24.6,79.25,,2,0.98,0.45,false,siZNF436-4,
D10,D,10,siZNF436-4,FBN2-1,Target,2,23.6,79.3,,2,0.96,0.46,false,siZNF436-4,列10：修正板图备注‘可能加了两遍cDNA’，范围需实验记录确认
D11,D,11,siZNF436-4,FBN2-1,Target,3,24.57,79.26,,2,0.97,0.46,false,siZNF436-4,
D12,D,12,siZNF436-4,FBN2-1,Target,4,24.29,79.32,,2,0.98,0.44,false,siZNF436-4,
D13,D,13,siZNF436-4,FBN2-2,Target,1,24.71,83.53,,1,0.98,0.32,false,siZNF436-4,
D14,D,14,siZNF436-4,FBN2-2,Target,2,24.76,83.59,,1,0.98,0.33,false,siZNF436-4,列14：cDNA样本整体向上错位一位，已按修正板图重映射
D15,D,15,siZNF436-4,FBN2-2,Target,3,24.78,83.6,,1,1,0.41,false,siZNF436-4,
D16,D,16,siZNF436-4,FBN2-2,Target,4,24.2,83.68,,1,0.99,0.4,false,siZNF436-4,
D17,D,17,siZNF436-4,ZNF436-1,Target,1,29.98,77.49,,2,0.86,0.26,false,siZNF436-4,
D18,D,18,siZNF436-4,ZNF436-1,Target,2,30.05,77.38,,Unknown,0.74,0.01,false,siZNF436-4,
D19,D,19,siZNF436-4,ZNF436-1,Target,3,29.92,77.63,,2,0.86,0.38,false,siZNF436-4,
D20,D,20,siZNF436-4,ZNF436-1,Target,4,29.68,77.55,,2,0.82,0.24,false,siZNF436-4,
D21,D,21,siZNF436-4,ZNF436-2,Target,1,27.03,73.05,,3,0.99,0.99,false,siZNF436-4,
D22,D,22,siZNF436-4,ZNF436-2,Target,2,26.74,73.13,,3,0.98,0.98,false,siZNF436-4,
D23,D,23,siZNF436-4,ZNF436-2,Target,3,26.55,73.2,,3,0.99,0.99,false,siZNF436-4,
D24,D,24,siZNF436-4,ZNF436-2,Target,4,26.55,73.13,,3,0.99,0.98,false,siZNF436-4,
E1,E,1,siFBN2-1,GAPDH,Reference,1,16.08,85.99,,1,0.87,0.5,false,siFBN2-1,
E2,E,2,siFBN2-1,GAPDH,Reference,2,16.1,85.98,,1,0.88,0.49,false,siFBN2-1,
E3,E,3,siFBN2-1,GAPDH,Reference,3,16.1,86.02,,1,0.88,0.49,false,siFBN2-1,
E4,E,4,siFBN2-1,GAPDH,Reference,4,16.1,85.97,,1,0.86,0.5,false,siFBN2-1,
E5,E,5,siFBN2-1,TBP,Reference,1,24.93,80.27,,1,0.98,0.17,false,siFBN2-1,
E6,E,6,siFBN2-1,TBP,Reference,2,25,80.29,,1,0.98,0.15,false,siFBN2-1,
E7,E,7,siFBN2-1,TBP,Reference,3,24.95,80.29,,1,0.98,0.15,false,siFBN2-1,
E8,E,8,siFBN2-1,TBP,Reference,4,25.15,80.25,,1,0.98,0.17,false,siFBN2-1,
E9,E,9,siFBN2-1,FBN2-1,Target,1,23.63,79.25,,2,0.97,0.46,false,siFBN2-1,
E10,E,10,siFBN2-1,FBN2-1,Target,2,23.64,79.33,,2,0.97,0.44,false,siFBN2-1,列10：修正板图备注‘可能加了两遍cDNA’，范围需实验记录确认
E11,E,11,siFBN2-1,FBN2-1,Target,3,23.61,79.34,,2,0.96,0.44,false,siFBN2-1,
E12,E,12,siFBN2-1,FBN2-1,Target,4,23.72,79.35,,2,0.96,0.44,false,siFBN2-1,
E13,E,13,siFBN2-1,FBN2-2,Target,1,23.67,83.66,,1,0.97,0.51,false,siFBN2-1,
E14,E,14,siFBN2-2,FBN2-2,Target,2,26.46,83.44,,1,0.94,0.18,true,siFBN2-1,列14：cDNA样本整体向上错位一位，已按修正板图重映射
E15,E,15,siFBN2-1,FBN2-2,Target,3,23.7,83.79,,1,0.97,0.51,false,siFBN2-1,
E16,E,16,siFBN2-1,FBN2-2,Target,4,23.65,83.81,,1,0.94,0.53,false,siFBN2-1,
E17,E,17,siFBN2-1,ZNF436-1,Target,1,27.8,77.77,,2,0.98,0.7,false,siFBN2-1,
E18,E,18,siFBN2-1,ZNF436-1,Target,2,27.62,77.92,,2,0.97,0.76,false,siFBN2-1,
E19,E,19,siFBN2-1,ZNF436-1,Target,3,27.42,77.94,,2,0.98,0.76,false,siFBN2-1,
E20,E,20,siFBN2-1,ZNF436-1,Target,4,27.59,77.96,,2,0.98,0.76,false,siFBN2-1,
E21,E,21,siFBN2-1,ZNF436-2,Target,1,26.98,73.62,,3,0.77,0.72,false,siFBN2-1,
E22,E,22,siFBN2-1,ZNF436-2,Target,2,27.07,73.88,,3,0.71,0.64,false,siFBN2-1,
E23,E,23,siFBN2-1,ZNF436-2,Target,3,25.67,72.93,,3,0.97,0.97,false,siFBN2-1,
E24,E,24,siFBN2-1,ZNF436-2,Target,4,26.96,74.3,,Unknown,0.68,0.54,false,siFBN2-1,
G1,G,1,siFBN2-2,GAPDH,Reference,1,16.08,85.99,,1,0.88,0.49,false,siFBN2-2,
G2,G,2,siFBN2-2,GAPDH,Reference,2,16.08,86.01,,1,0.88,0.49,false,siFBN2-2,
G3,G,3,siFBN2-2,GAPDH,Reference,3,16.06,85.98,,1,0.87,0.49,false,siFBN2-2,
G4,G,4,siFBN2-2,GAPDH,Reference,4,16.12,86,,1,0.87,0.49,false,siFBN2-2,
G5,G,5,siFBN2-2,TBP,Reference,1,24.66,80.29,,1,0.97,0.13,false,siFBN2-2,
G6,G,6,siFBN2-2,TBP,Reference,2,24.7,80.36,,1,0.97,0.14,false,siFBN2-2,
G7,G,7,siFBN2-2,TBP,Reference,3,24.6,80.34,,1,0.97,0.13,false,siFBN2-2,
G8,G,8,siFBN2-2,TBP,Reference,4,24.62,80.28,,1,0.96,0.12,false,siFBN2-2,
G9,G,9,siFBN2-2,FBN2-1,Target,1,26.26,78.91,,2,0.98,0.54,false,siFBN2-2,
G10,G,10,siFBN2-2,FBN2-1,Target,2,26.49,79.12,,2,1,0.48,false,siFBN2-2,列10：修正板图备注‘可能加了两遍cDNA’，范围需实验记录确认
G11,G,11,siFBN2-2,FBN2-1,Target,3,26.44,79.17,,2,0.99,0.46,false,siFBN2-2,
G12,G,12,siFBN2-2,FBN2-1,Target,4,26.48,79.16,,2,0.99,0.47,false,siFBN2-2,
G13,G,13,siFBN2-2,FBN2-2,Target,1,25.98,83.32,,1,0.91,0.11,false,siFBN2-2,
G14,G,14,siFBN2-3,FBN2-2,Target,2,27.1,83.13,,4,0.95,0.19,true,siFBN2-2,列14：cDNA样本整体向上错位一位，已按修正板图重映射
G15,G,15,siFBN2-2,FBN2-2,Target,3,26.04,83.47,,1,0.96,0.24,false,siFBN2-2,
G16,G,16,siFBN2-2,FBN2-2,Target,4,26.13,83.44,,1,0.93,0.16,false,siFBN2-2,
G17,G,17,siFBN2-2,ZNF436-1,Target,1,27.57,77.83,,2,0.99,0.77,false,siFBN2-2,
G18,G,18,siFBN2-2,ZNF436-1,Target,2,27.25,77.94,,2,0.98,0.78,false,siFBN2-2,
G19,G,19,siFBN2-2,ZNF436-1,Target,3,27.55,77.96,,2,0.98,0.76,false,siFBN2-2,
G20,G,20,siFBN2-2,ZNF436-1,Target,4,27.45,77.97,,2,0.98,0.77,false,siFBN2-2,
G21,G,21,siFBN2-2,ZNF436-2,Target,1,26.47,73.3,,3,0.89,0.87,false,siFBN2-2,
G22,G,22,siFBN2-2,ZNF436-2,Target,2,26.46,73.18,,3,0.92,0.9,false,siFBN2-2,
G23,G,23,siFBN2-2,ZNF436-2,Target,3,26.65,73.1,,3,0.89,0.88,false,siFBN2-2,
G24,G,24,siFBN2-2,ZNF436-2,Target,4,26.69,73.2,,3,0.93,0.91,false,siFBN2-2,
I1,I,1,siFBN2-3,GAPDH,Reference,1,15.95,85.96,,1,0.81,0.49,false,siFBN2-3,
I2,I,2,siFBN2-3,GAPDH,Reference,2,15.89,86.02,,1,0.87,0.49,false,siFBN2-3,
I3,I,3,siFBN2-3,GAPDH,Reference,3,16.01,86.02,,1,0.88,0.49,false,siFBN2-3,
I4,I,4,siFBN2-3,GAPDH,Reference,4,15.98,86.01,,1,0.88,0.49,false,siFBN2-3,
I5,I,5,siFBN2-3,TBP,Reference,1,24.83,80.29,,1,0.98,0.17,false,siFBN2-3,
I6,I,6,siFBN2-3,TBP,Reference,2,24.85,80.36,,1,0.98,0.16,false,siFBN2-3,
I7,I,7,siFBN2-3,TBP,Reference,3,24.88,80.36,,1,0.98,0.16,false,siFBN2-3,
I8,I,8,siFBN2-3,TBP,Reference,4,24.9,80.32,,1,0.98,0.15,false,siFBN2-3,
I9,I,9,siFBN2-3,FBN2-1,Target,1,26.95,78.75,,2,0.94,0.57,false,siFBN2-3,
I10,I,10,siFBN2-3,FBN2-1,Target,2,27.06,79.07,,2,0.98,0.47,false,siFBN2-3,列10：修正板图备注‘可能加了两遍cDNA’，范围需实验记录确认
I11,I,11,siFBN2-3,FBN2-1,Target,3,27.27,79.01,,2,0.97,0.48,false,siFBN2-3,
I12,I,12,siFBN2-3,FBN2-1,Target,4,27.09,78.93,,2,0.98,0.54,false,siFBN2-3,
I13,I,13,siFBN2-3,FBN2-2,Target,1,26.97,76.89,82.89,4,0.99,0.35,false,siFBN2-3,
I14,I,14,siFBN2-4,FBN2-2,Target,2,27.23,76.06,82.89,4,0.99,0.41,true,siFBN2-3,列14：cDNA样本整体向上错位一位，已按修正板图重映射
I15,I,15,siFBN2-3,FBN2-2,Target,3,26.95,77.22,83.09,4,0.98,0.31,false,siFBN2-3,
I16,I,16,siFBN2-3,FBN2-2,Target,4,26.92,76.25,82.93,4,1,0.41,false,siFBN2-3,
I17,I,17,siFBN2-3,ZNF436-1,Target,1,27.47,77.79,,2,0.98,0.73,false,siFBN2-3,
I18,I,18,siFBN2-3,ZNF436-1,Target,2,27.16,77.91,,2,0.97,0.72,false,siFBN2-3,
I19,I,19,siFBN2-3,ZNF436-1,Target,3,27.3,77.97,,2,0.98,0.75,false,siFBN2-3,
I20,I,20,siFBN2-3,ZNF436-1,Target,4,27.11,77.99,,2,0.99,0.77,false,siFBN2-3,
I21,I,21,siFBN2-3,ZNF436-2,Target,1,25.7,73.1,,3,0.98,0.98,false,siFBN2-3,
I22,I,22,siFBN2-3,ZNF436-2,Target,2,25.75,73.19,,3,0.99,0.98,false,siFBN2-3,
I23,I,23,siFBN2-3,ZNF436-2,Target,3,25.87,73.23,,3,0.99,0.98,false,siFBN2-3,
I24,I,24,siFBN2-3,ZNF436-2,Target,4,25.82,73.15,,3,0.98,0.98,false,siFBN2-3,
K1,K,1,siFBN2-4,GAPDH,Reference,1,16.11,86.02,,1,0.9,0.49,false,siFBN2-4,
K2,K,2,siFBN2-4,GAPDH,Reference,2,16.11,86.02,,1,0.9,0.49,false,siFBN2-4,
K3,K,3,siFBN2-4,GAPDH,Reference,3,16.16,86.01,,1,0.89,0.49,false,siFBN2-4,
K4,K,4,siFBN2-4,GAPDH,Reference,4,16.2,86.02,,1,0.88,0.49,false,siFBN2-4,
K5,K,5,siFBN2-4,TBP,Reference,1,25.06,80.29,,1,0.99,0.18,false,siFBN2-4,
K6,K,6,siFBN2-4,TBP,Reference,2,25.08,80.34,,1,0.98,0.18,false,siFBN2-4,
K7,K,7,siFBN2-4,TBP,Reference,3,25.13,80.31,,1,0.98,0.17,false,siFBN2-4,
K8,K,8,siFBN2-4,TBP,Reference,4,25.2,80.29,,1,0.99,0.19,false,siFBN2-4,
K9,K,9,siFBN2-4,FBN2-1,Target,1,26.72,78.75,,2,0.94,0.56,false,siFBN2-4,
K10,K,10,siFBN2-4,FBN2-1,Target,2,26.99,79.04,,2,0.97,0.46,false,siFBN2-4,列10：修正板图备注‘可能加了两遍cDNA’，范围需实验记录确认
K11,K,11,siFBN2-4,FBN2-1,Target,3,27.02,78.9,,2,0.96,0.52,false,siFBN2-4,
K12,K,12,siFBN2-4,FBN2-1,Target,4,27.01,78.95,,2,0.97,0.51,false,siFBN2-4,
K13,K,13,siFBN2-4,FBN2-2,Target,1,27.21,75.26,82.51,4,0.95,0.5,false,siFBN2-4,
K14,K,14,siZNF436-1,FBN2-2,Target,2,23.61,83.64,,1,0.99,0.41,true,siFBN2-4,列14：cDNA样本整体向上错位一位，已按修正板图重映射
K15,K,15,siFBN2-4,FBN2-2,Target,3,27.04,75.7,82.76,4,0.98,0.47,false,siFBN2-4,
K16,K,16,siFBN2-4,FBN2-2,Target,4,27.27,75.62,82.8,4,0.99,0.46,false,siFBN2-4,
K17,K,17,siFBN2-4,ZNF436-1,Target,1,27.46,77.7,,2,0.94,0.59,false,siFBN2-4,
K18,K,18,siFBN2-4,ZNF436-1,Target,2,27.67,77.87,,2,0.97,0.71,false,siFBN2-4,
K19,K,19,siFBN2-4,ZNF436-1,Target,3,27.49,77.94,,2,0.96,0.71,false,siFBN2-4,
K20,K,20,siFBN2-4,ZNF436-1,Target,4,27.55,77.86,,2,0.96,0.67,false,siFBN2-4,
K21,K,21,siFBN2-4,ZNF436-2,Target,1,25.34,73.15,,3,0.99,0.99,false,siFBN2-4,
K22,K,22,siFBN2-4,ZNF436-2,Target,2,25.52,73.21,,3,1,0.99,false,siFBN2-4,
K23,K,23,siFBN2-4,ZNF436-2,Target,3,25.53,73.28,,3,0.99,0.98,false,siFBN2-4,
K24,K,24,siFBN2-4,ZNF436-2,Target,4,25.52,73.18,,3,0.99,0.99,false,siFBN2-4,
M1,M,1,siZNF436-1,GAPDH,Reference,1,15.96,86.04,,1,0.88,0.49,false,siZNF436-1,
M2,M,2,siZNF436-1,GAPDH,Reference,2,16.01,86.05,,1,0.9,0.49,false,siZNF436-1,
M3,M,3,siZNF436-1,GAPDH,Reference,3,16.04,86.08,,1,0.88,0.49,false,siZNF436-1,
M4,M,4,siZNF436-1,GAPDH,Reference,4,15.99,86.06,,1,0.87,0.49,false,siZNF436-1,
M5,M,5,siZNF436-1,TBP,Reference,1,24.84,80.31,,1,0.99,0.19,false,siZNF436-1,
M6,M,6,siZNF436-1,TBP,Reference,2,24.84,80.3,,1,0.98,0.18,false,siZNF436-1,
M7,M,7,siZNF436-1,TBP,Reference,3,24.52,80.29,,1,0.98,0.18,false,siZNF436-1,
M8,M,8,siZNF436-1,TBP,Reference,4,24.96,80.29,,1,0.99,0.2,false,siZNF436-1,
M9,M,9,siZNF436-1,FBN2-1,Target,1,23.55,79.25,,2,0.98,0.45,false,siZNF436-1,
M10,M,10,siZNF436-1,FBN2-1,Target,2,23.67,79.35,,2,0.98,0.42,false,siZNF436-1,列10：修正板图备注‘可能加了两遍cDNA’，范围需实验记录确认
M11,M,11,siZNF436-1,FBN2-1,Target,3,23.67,79.35,,2,0.98,0.43,false,siZNF436-1,
M12,M,12,siZNF436-1,FBN2-1,Target,4,23.73,79.3,,2,0.98,0.44,false,siZNF436-1,
M13,M,13,siZNF436-1,FBN2-2,Target,1,23.62,83.52,,1,0.95,0.2,false,siZNF436-1,
M14,M,14,siZNF436-2,FBN2-2,Target,2,23.66,83.54,,1,0.96,0.21,true,siZNF436-1,列14：cDNA样本整体向上错位一位，已按修正板图重映射
M15,M,15,siZNF436-1,FBN2-2,Target,3,23.7,83.63,,1,0.96,0.25,false,siZNF436-1,
M16,M,16,siZNF436-1,FBN2-2,Target,4,23.6,83.65,,1,0.96,0.24,false,siZNF436-1,
M17,M,17,siZNF436-1,ZNF436-1,Target,1,29.96,74.48,,Unknown,0.68,0.57,false,siZNF436-1,
M18,M,18,siZNF436-1,ZNF436-1,Target,2,29.77,76.06,,3,0.76,0.35,false,siZNF436-1,
M19,M,19,siZNF436-1,ZNF436-1,Target,3,30.45,75.57,,Unknown,0.67,0.4,false,siZNF436-1,
M20,M,20,siZNF436-1,ZNF436-1,Target,4,30.23,76.22,,3,0.73,0.37,false,siZNF436-1,
M21,M,21,siZNF436-1,ZNF436-2,Target,1,25.25,73.22,,3,0.99,0.99,false,siZNF436-1,
M22,M,22,siZNF436-1,ZNF436-2,Target,2,25.21,73.23,,3,0.99,0.99,false,siZNF436-1,
M23,M,23,siZNF436-1,ZNF436-2,Target,3,25.2,73.28,,3,0.99,0.98,false,siZNF436-1,
M24,M,24,siZNF436-1,ZNF436-2,Target,4,25.24,73.25,,3,0.99,0.98,false,siZNF436-1,
O1,O,1,siZNF436-2,GAPDH,Reference,1,15.95,86.01,,1,0.89,0.49,false,siZNF436-2,
O2,O,2,siZNF436-2,GAPDH,Reference,2,16.06,86.08,,1,0.88,0.49,false,siZNF436-2,
O3,O,3,siZNF436-2,GAPDH,Reference,3,16.04,86.07,,1,0.88,0.49,false,siZNF436-2,
O4,O,4,siZNF436-2,GAPDH,Reference,4,16.02,86.03,,1,0.89,0.49,false,siZNF436-2,
O5,O,5,siZNF436-2,TBP,Reference,1,24.92,80.33,,1,0.99,0.21,false,siZNF436-2,
O6,O,6,siZNF436-2,TBP,Reference,2,25.04,80.28,,1,0.99,0.19,false,siZNF436-2,
O7,O,7,siZNF436-2,TBP,Reference,3,24.83,80.31,,1,0.99,0.2,false,siZNF436-2,
O8,O,8,siZNF436-2,TBP,Reference,4,25.11,80.18,,1,0.99,0.24,false,siZNF436-2,
O9,O,9,siZNF436-2,FBN2-1,Target,1,23.53,79.22,,2,0.98,0.45,false,siZNF436-2,
O10,O,10,siZNF436-2,FBN2-1,Target,2,23.63,79.34,,2,0.98,0.42,false,siZNF436-2,列10：修正板图备注‘可能加了两遍cDNA’，范围需实验记录确认
O11,O,11,siZNF436-2,FBN2-1,Target,3,23.74,79.33,,2,0.99,0.41,false,siZNF436-2,
O12,O,12,siZNF436-2,FBN2-1,Target,4,23.76,79.35,,2,0.98,0.42,false,siZNF436-2,
O13,O,13,siZNF436-2,FBN2-2,Target,1,23.58,83.57,,1,0.97,0.24,false,siZNF436-2,
O14,O,14,Mock,FBN2-2,Target,2,23.89,83.56,,1,0.94,0.18,true,siZNF436-2,列14：cDNA样本整体向上错位一位，已按修正板图重映射
O15,O,15,siZNF436-2,FBN2-2,Target,3,23.75,83.66,,1,0.96,0.23,false,siZNF436-2,
O16,O,16,siZNF436-2,FBN2-2,Target,4,23.71,83.59,,1,0.93,0.15,false,siZNF436-2,
O17,O,17,siZNF436-2,ZNF436-1,Target,1,28.83,76.84,,3,0.81,0.33,false,siZNF436-2,
O18,O,18,siZNF436-2,ZNF436-1,Target,2,28.91,76.96,,3,0.85,0.31,false,siZNF436-2,
O19,O,19,siZNF436-2,ZNF436-1,Target,3,29.16,77.41,,3,0.75,0.11,false,siZNF436-2,
O20,O,20,siZNF436-2,ZNF436-1,Target,4,29.02,76.53,,3,0.76,0.33,false,siZNF436-2,
O21,O,21,siZNF436-2,ZNF436-2,Target,1,25.15,73.19,,3,0.99,0.99,false,siZNF436-2,
O22,O,22,siZNF436-2,ZNF436-2,Target,2,25.47,73.23,,3,0.99,0.99,false,siZNF436-2,
O23,O,23,siZNF436-2,ZNF436-2,Target,3,25.24,73.21,,3,0.99,0.99,false,siZNF436-2,
O24,O,24,siZNF436-2,ZNF436-2,Target,4,25.09,73.26,,3,0.99,0.98,false,siZNF436-2,
