sample,assay,wells,detected,meanCp,cpSd,cpRange,meanTm,tmRange,meltGroups,meanMeltScore,status,issues
Mock,GAPDH,A1;A2;A3;A4,4,16.48,0.029439202887760068,0.060000000000002274,85.985,0.0799999999999983,1,0.88,PASS,
Mock,TBP,A5;A6;A7;A8,4,25.330000000000002,0.10424330514074598,0.25,80.255,0.030000000000001137,1,0.98,PASS,
Mock,FBN2-1,A9;A10;A11;A12,4,23.9225,0.06344288770224865,0.15000000000000213,79.32,0.09999999999999432,2,0.9575,REVIEW,列10人工备注
Mock,FBN2-2,A13;O14;A15;A16,4,23.9725,0.06551081335677857,0.14000000000000057,83.64750000000001,0.1799999999999926,1,0.9775,REVIEW,列14已重映射
Mock,ZNF436-1,A17;A18;A19;A20,4,27.619999999999997,0.09092121131323892,0.1999999999999993,77.9,0.18000000000000682,2,0.98,PASS,
Mock,ZNF436-2,A21;A22;A23;A24,4,26.2125,0.7823202668984106,1.5,73.3475,0.6000000000000085,3,0.9099999999999999,FAIL,Cp复孔SD>0.50;Tm复孔范围>0.50°C
NC-FAM,GAPDH,C1;C2;C3;C4,4,15.92,0.008164965809277086,0.019999999999999574,86.0075,0.03999999999999204,1,0.875,PASS,
NC-FAM,TBP,C5;C6;C7;C8,4,24.799999999999997,0.09055385138137288,0.2099999999999973,80.31,0.0799999999999983,1,0.9774999999999999,PASS,
NC-FAM,FBN2-1,C9;C10;C11;C12,4,23.505,0.023804761428476654,0.05000000000000071,79.3375,0.09000000000000341,2,0.9550000000000001,REVIEW,列10人工备注
NC-FAM,FBN2-2,C13;A14;C15;C16,4,23.562500000000004,0.08261355820929134,0.17999999999999972,83.7825,0.15000000000000568,1,0.9475,REVIEW,列14已重映射
NC-FAM,ZNF436-1,C17;C18;C19;C20,4,27.169999999999998,0.1572683481611389,0.29999999999999716,77.9325,0.15000000000000568,2,0.9825,PASS,
NC-FAM,ZNF436-2,C21;C22;C23;C24,4,26.78,0.049665548085837695,0.10999999999999943,73.87750000000001,0.7099999999999937,3;Unknown,0.7375,FAIL,Tm复孔范围>0.50°C;熔解聚类不一致
siZNF436-3,GAPDH,B1;B2;B3;B4,4,16.395,0.11445523142259591,0.2699999999999996,85.9425,0.04999999999999716,1,0.87,PASS,
siZNF436-3,TBP,B5;B6;B7;B8,4,25.115,0.11676186592091385,0.28000000000000114,80.22,0.04999999999999716,1,0.9824999999999999,PASS,
siZNF436-3,FBN2-1,B9;B10;B11;B12,4,23.21,0.669477408132642,1.259999999999998,79.2975,0.10000000000000853,2,0.9575,FAIL,Cp复孔SD>0.50;列10人工备注
siZNF436-3,FBN2-2,B13;B14;B15;B16,4,23.822499999999998,0.027537852736431483,0.060000000000002274,83.595,0.0899999999999892,1,0.9875,REVIEW,列14已重映射
siZNF436-3,ZNF436-1,B17;B18;B19;B20,4,29.455000000000002,0.2245736701693525,0.46999999999999886,77.02250000000001,0.269999999999996,3,0.855,PASS,
siZNF436-3,ZNF436-2,B21;B22;B23;B24,4,25.7825,0.06849574196011479,0.14999999999999858,73.1525,0.060000000000002274,3,0.99,PASS,
siFBN2-1,GAPDH,E1;E2;E3;E4,4,16.095,0.010000000000001563,0.020000000000003126,85.99000000000001,0.04999999999999716,1,0.8724999999999999,PASS,
siFBN2-1,TBP,E5;E6;E7;E8,4,25.0075,0.09945685831890416,0.21999999999999886,80.275,0.04000000000000625,1,0.98,PASS,
siFBN2-1,FBN2-1,E9;E10;E11;E12,4,23.65,0.0483045891539645,0.10999999999999943,79.3175,0.09999999999999432,2,0.965,REVIEW,列10人工备注
siFBN2-1,FBN2-2,E13;C14;E15;E16,4,23.697499999999998,0.05251983752196236,0.120000000000001,83.7525,0.15000000000000568,1,0.955,REVIEW,列14已重映射
siFBN2-1,ZNF436-1,E17;E18;E19;E20,4,27.6075,0.15564382416273345,0.379999999999999,77.8975,0.18999999999999773,2,0.9774999999999999,PASS,
siFBN2-1,ZNF436-2,E21;E22;E23;E24,4,26.67,0.6683811287980328,1.3999999999999986,73.6825,1.3699999999999903,3;Unknown,0.7825000000000001,FAIL,Cp复孔SD>0.50;Tm复孔范围>0.50°C;熔解聚类不一致
siZNF436-4,GAPDH,D1;D2;D3;D4,4,16.835,0.04932882862316155,0.11999999999999744,85.91,0.04000000000000625,1,0.885,PASS,
siZNF436-4,TBP,D5;D6;D7;D8,4,25.572499999999998,0.06075908711186081,0.10999999999999943,80.22,0.0799999999999983,1,0.9825,PASS,
siZNF436-4,FBN2-1,D9;D10;D11;D12,4,24.265,0.4647938611183812,1,79.2825,0.06999999999999318,2,0.9725,REVIEW,Cp复孔SD>0.30;列10人工备注
siZNF436-4,FBN2-2,D13;D14;D15;D16,4,24.6125,0.2765712686933825,0.5800000000000018,83.6,0.15000000000000568,1,0.9875,REVIEW,列14已重映射
siZNF436-4,ZNF436-1,D17;D18;D19;D20,4,29.9075,0.16070158679988242,0.370000000000001,77.5125,0.25,2;Unknown,0.82,FAIL,熔解聚类不一致
siZNF436-4,ZNF436-2,D21;D22;D23;D24,4,26.717499999999998,0.22677080940897146,0.4800000000000004,73.1275,0.15000000000000568,3,0.9875,PASS,
siFBN2-2,GAPDH,G1;G2;G3;G4,4,16.085,0.025166114784236943,0.060000000000002274,85.995,0.030000000000001137,1,0.875,PASS,
siFBN2-2,TBP,G5;G6;G7;G8,4,24.645000000000003,0.04434711565216596,0.09999999999999787,80.3175,0.0799999999999983,1,0.9675,PASS,
siFBN2-2,FBN2-1,G9;G10;G11;G12,4,26.4175,0.10719919153923907,0.22999999999999687,79.09,0.2600000000000051,2,0.99,REVIEW,列10人工备注
siFBN2-2,FBN2-2,G13;E14;G15;G16,4,26.152499999999996,0.21406774628607694,0.4800000000000004,83.41749999999999,0.15000000000000568,1,0.935,REVIEW,列14已重映射
siFBN2-2,ZNF436-1,G17;G18;G19;G20,4,27.455000000000002,0.14640127503998523,0.3200000000000003,77.92499999999998,0.14000000000000057,2,0.9825,PASS,
siFBN2-2,ZNF436-2,G21;G22;G23;G24,4,26.5675,0.11954775893619549,0.23000000000000043,73.19500000000001,0.20000000000000284,3,0.9075000000000001,PASS,
siFBN2-3,GAPDH,I1;I2;I3;I4,4,15.9575,0.05123475382979838,0.120000000000001,86.0025,0.060000000000002274,1,0.86,PASS,
siFBN2-3,TBP,I5;I6;I7;I8,4,24.865000000000002,0.03109126351029577,0.07000000000000028,80.3325,0.06999999999999318,1,0.98,PASS,
siFBN2-3,FBN2-1,I9;I10;I11;I12,4,27.0925,0.1327591804735177,0.3200000000000003,78.94,0.3199999999999932,2,0.9674999999999999,REVIEW,列10人工备注
siFBN2-3,FBN2-2,I13;G14;I15;I16,4,26.985,0.07937253933193811,0.17999999999999972,78.3725,6.8799999999999955,4,0.98,FAIL,Tm复孔范围>0.50°C;检测到第二熔解峰;列14已重映射
siFBN2-3,ZNF436-1,I17;I18;I19;I20,4,27.259999999999998,0.1614517471774975,0.35999999999999943,77.91499999999999,0.19999999999998863,2,0.98,PASS,
siFBN2-3,ZNF436-2,I21;I22;I23;I24,4,25.785000000000004,0.07505553499465203,0.1700000000000017,73.16749999999999,0.13000000000000966,3,0.985,PASS,
siFBN2-4,GAPDH,K1;K2;K3;K4,4,16.145,0.043588989435406754,0.08999999999999986,86.0175,0.009999999999990905,1,0.8925,PASS,
siFBN2-4,TBP,K5;K6;K7;K8,4,25.1175,0.06238322424071003,0.14000000000000057,80.3075,0.04999999999999716,1,0.9850000000000001,PASS,
siFBN2-4,FBN2-1,K9;K10;K11;K12,4,26.935,0.14387494569938214,0.3000000000000007,78.91000000000001,0.29000000000000625,2,0.96,REVIEW,列10人工备注
siFBN2-4,FBN2-2,K13;I14;K15;K16,4,27.187499999999996,0.10144785195688844,0.23000000000000043,75.66,0.7999999999999972,4,0.9775,FAIL,Tm复孔范围>0.50°C;检测到第二熔解峰;列14已重映射
siFBN2-4,ZNF436-1,K17;K18;K19;K20,4,27.5425,0.09287087810503439,0.21000000000000085,77.8425,0.23999999999999488,2,0.9575,PASS,
siFBN2-4,ZNF436-2,K21;K22;K23;K24,4,25.4775,0.09178779875342925,0.19000000000000128,73.20500000000001,0.12999999999999545,3,0.9924999999999999,PASS,
siZNF436-1,GAPDH,M1;M2;M3;M4,4,16,0.033665016461206385,0.0799999999999983,86.0575,0.03999999999999204,1,0.8825000000000001,PASS,
siZNF436-1,TBP,M5;M6;M7;M8,4,24.79,0.18867962264113253,0.4400000000000013,80.29750000000001,0.01999999999999602,1,0.9850000000000001,PASS,
siZNF436-1,FBN2-1,M9;M10;M11;M12,4,23.655,0.07549834435270754,0.17999999999999972,79.3125,0.09999999999999432,2,0.98,REVIEW,列10人工备注
siZNF436-1,FBN2-2,M13;K14;M15;M16,4,23.6325,0.04573474244670679,0.09999999999999787,83.61,0.13000000000000966,1,0.965,REVIEW,列14已重映射
siZNF436-1,ZNF436-1,M17;M18;M19;M20,4,30.102500000000003,0.2988171124060109,0.6799999999999997,75.58250000000001,1.7399999999999949,Unknown;3,0.71,FAIL,Tm复孔范围>0.50°C;熔解聚类不一致
siZNF436-1,ZNF436-2,M21;M22;M23;M24,4,25.224999999999998,0.023804761428475908,0.05000000000000071,73.245,0.060000000000002274,3,0.99,PASS,
siZNF436-2,GAPDH,O1;O2;O3;O4,4,16.0175,0.04787135538781672,0.10999999999999943,86.04749999999999,0.06999999999999318,1,0.885,PASS,
siZNF436-2,TBP,O5;O6;O7;O8,4,24.974999999999998,0.12449899597988738,0.28000000000000114,80.275,0.14999999999999147,1,0.99,PASS,
siZNF436-2,FBN2-1,O9;O10;O11;O12,4,23.665,0.1066145706114629,0.23000000000000043,79.31,0.12999999999999545,2,0.9825,REVIEW,列10人工备注
siZNF436-2,FBN2-2,O13;M14;O15;O16,4,23.674999999999997,0.07325753658612057,0.1700000000000017,83.59,0.11999999999999034,1,0.955,REVIEW,列14已重映射
siZNF436-2,ZNF436-1,O17;O18;O19;O20,4,28.979999999999997,0.1430617582258335,0.33000000000000185,76.935,0.8799999999999955,3,0.7925,FAIL,Tm复孔范围>0.50°C
siZNF436-2,ZNF436-2,O21;O22;O23;O24,4,25.2375,0.1668082731761225,0.379999999999999,73.2225,0.07000000000000739,3,0.99,PASS,
